<?xml version="1.0" encoding="UTF-8"?>
<rss version="2.0" xmlns:ror="http://rorweb.com/0.1/" >
<channel>
  <title>ROR Sitemap for http://webdeves.com/</title>
  <link>http://webdeves.com/</link>

<item>
     <link>https://webdeves.com/</link>
     <title>Webdeves Technologies - Web Design in Nigeria- Webdeves Website Designer in Port Harcourt And Aba</title>
     <description>Webdeves Technologies - Web Design in Nigeria- Webdeves Website Designer in Port Harcourt And Aba</description>
     <ror:updatePeriod></ror:updatePeriod>
     <ror:sortOrder>0</ror:sortOrder>
     <ror:resourceOf>sitemap</ror:resourceOf>
</item>
<item>
     <link>https://webdeves.com/index</link>
     <title>Webdeves Technologies - Web Design in Nigeria- Webdeves Website Designer in Port Harcourt And Aba</title>
     <description>Webdeves Technologies - Web Design in Nigeria- Webdeves Website Designer in Port Harcourt And Aba</description>
     <ror:updatePeriod></ror:updatePeriod>
     <ror:sortOrder>1</ror:sortOrder>
     <ror:resourceOf>sitemap</ror:resourceOf>
</item>
<item>
     <link>https://webdeves.com/about-us</link>
     <title>About Us - Webdeves Technologies</title>
     <description>About Us - Webdeves Technologies</description>
     <ror:updatePeriod></ror:updatePeriod>
     <ror:sortOrder>1</ror:sortOrder>
     <ror:resourceOf>sitemap</ror:resourceOf>
</item>
<item>
     <link>https://webdeves.com/careers</link>
     <title>Career - Webdeves Technologies</title>
     <description>Career - Webdeves Technologies</description>
     <ror:updatePeriod></ror:updatePeriod>
     <ror:sortOrder>1</ror:sortOrder>
     <ror:resourceOf>sitemap</ror:resourceOf>
</item>
<item>
     <link>https://webdeves.com/how-we-work</link>
     <title>How We Work - Webdeves Technologies</title>
     <description>Hi-soft - IT Solutions and Services Company HTML5 Template</description>
     <ror:updatePeriod></ror:updatePeriod>
     <ror:sortOrder>1</ror:sortOrder>
     <ror:resourceOf>sitemap</ror:resourceOf>
</item>
<item>
     <link>https://webdeves.com/our-team</link>
     <title>Our Team - Webdeves Technologies</title>
     <description>Hi-soft - IT Solutions and Services Company HTML5 Template</description>
     <ror:updatePeriod></ror:updatePeriod>
     <ror:sortOrder>1</ror:sortOrder>
     <ror:resourceOf>sitemap</ror:resourceOf>
</item>
<item>
     <link>https://webdeves.com/mission-vision</link>
     <title>Mission &amp;amp; Vision - Webdeves Technologies</title>
     <description>Mission &amp;amp; Vision - Webdeves Technologies</description>
     <ror:updatePeriod></ror:updatePeriod>
     <ror:sortOrder>1</ror:sortOrder>
     <ror:resourceOf>sitemap</ror:resourceOf>
</item>
<item>
     <link>https://webdeves.com/our-value</link>
     <title>Our Values - Webdeves Technologies</title>
     <description>Our Values - Webdeves Technologies</description>
     <ror:updatePeriod></ror:updatePeriod>
     <ror:sortOrder>1</ror:sortOrder>
     <ror:resourceOf>sitemap</ror:resourceOf>
</item>
<item>
     <link>https://webdeves.com/service</link>
     <title>Our Services - Webdeves Technologies</title>
     <description>Our Services - Webdeves Technologies</description>
     <ror:updatePeriod></ror:updatePeriod>
     <ror:sortOrder>1</ror:sortOrder>
     <ror:resourceOf>sitemap</ror:resourceOf>
</item>
<item>
     <link>https://webdeves.com/projects</link>
     <title>Projects - Webdeves Technologies</title>
     <description>Projects - Webdeves Technologies</description>
     <ror:updatePeriod></ror:updatePeriod>
     <ror:sortOrder>1</ror:sortOrder>
     <ror:resourceOf>sitemap</ror:resourceOf>
</item>
<item>
     <link>https://webdeves.com/blog</link>
     <title>Company News - Webdeves Technologies</title>
     <description>Company News - Webdeves Technologies</description>
     <ror:updatePeriod></ror:updatePeriod>
     <ror:sortOrder>1</ror:sortOrder>
     <ror:resourceOf>sitemap</ror:resourceOf>
</item>
<item>
     <link>https://webdeves.com/contact</link>
     <title>Contact - Webdeves Technologies</title>
     <description>Contact - Webdeves Technologies</description>
     <ror:updatePeriod></ror:updatePeriod>
     <ror:sortOrder>1</ror:sortOrder>
     <ror:resourceOf>sitemap</ror:resourceOf>
</item>
<item>
     <link>https://webdeves.com/website-development</link>
     <title>Website Development - Webdeves Technologies</title>
     <description>Website Development - Webdeves Technologies</description>
     <ror:updatePeriod></ror:updatePeriod>
     <ror:sortOrder>1</ror:sortOrder>
     <ror:resourceOf>sitemap</ror:resourceOf>
</item>
<item>
     <link>https://webdeves.com/branding</link>
     <title>Branding &amp;amp; Creative - Webdeves Technologies</title>
     <description>Branding and Creative - Webdeves Technologies</description>
     <ror:updatePeriod></ror:updatePeriod>
     <ror:sortOrder>1</ror:sortOrder>
     <ror:resourceOf>sitemap</ror:resourceOf>
</item>
<item>
     <link>https://webdeves.com/digital-marketing</link>
     <title>Digital Marketing - Webdeves Technologies</title>
     <description>Digital Marketing - Webdeves Technologies</description>
     <ror:updatePeriod></ror:updatePeriod>
     <ror:sortOrder>1</ror:sortOrder>
     <ror:resourceOf>sitemap</ror:resourceOf>
</item>
<item>
     <link>https://webdeves.com/search-engine-optimization</link>
     <title>Search Engine Optimization - Webdeves Technologies</title>
     <description>Search Engine Optimization - Webdeves Technologies</description>
     <ror:updatePeriod></ror:updatePeriod>
     <ror:sortOrder>1</ror:sortOrder>
     <ror:resourceOf>sitemap</ror:resourceOf>
</item>
<item>
     <link>https://webdeves.com/start-up</link>
     <title>Start-up Ideas - Webdeves Technologies</title>
     <description>Start-up Ideas - Webdeves Technologies - Webdeves Technologies</description>
     <ror:updatePeriod></ror:updatePeriod>
     <ror:sortOrder>1</ror:sortOrder>
     <ror:resourceOf>sitemap</ror:resourceOf>
</item>
<item>
     <link>https://webdeves.com/company-new1</link>
     <title>Choosing the best Social Media Platform for Marketing - Webdeves Technologies</title>
     <description>Choosing the best Social Media Platform for Marketing - Webdeves Technologies</description>
     <ror:updatePeriod></ror:updatePeriod>
     <ror:sortOrder>1</ror:sortOrder>
     <ror:resourceOf>sitemap</ror:resourceOf>
</item>
<item>
     <link>https://webdeves.com/company-news2</link>
     <title>How Google’s BERT Algorithm Affects Your Website Traffic - Webdeves Technologies</title>
     <description>How Google’s BERT Algorithm Affects Your Website Traffic - Webdeves Technologies</description>
     <ror:updatePeriod></ror:updatePeriod>
     <ror:sortOrder>1</ror:sortOrder>
     <ror:resourceOf>sitemap</ror:resourceOf>
</item>
<item>
     <link>https://webdeves.com/company-news3</link>
     <title>Ten reasons why you must create a website for your company - Webdeves Technologies</title>
     <description>Ten reasons why you must create a website for your company - Webdeves Technologies</description>
     <ror:updatePeriod></ror:updatePeriod>
     <ror:sortOrder>1</ror:sortOrder>
     <ror:resourceOf>sitemap</ror:resourceOf>
</item>
<item>
     <link>https://webdeves.com/email-marketing</link>
     <title>Email Marketing - Webdeves Technologies</title>
     <description>Email Marketing - Webdeves Technologies - Webdeves Technologies</description>
     <ror:updatePeriod></ror:updatePeriod>
     <ror:sortOrder>1</ror:sortOrder>
     <ror:resourceOf>sitemap</ror:resourceOf>
</item>
<item>
     <link>https://webdeves.com/ecommerce-website</link>
     <title>E-COMMERCE WEBSITE - Webdeves Technologies</title>
     <description>E-COMMERCE WEBSITE - Webdeves Technologies - Webdeves Technologies</description>
     <ror:updatePeriod></ror:updatePeriod>
     <ror:sortOrder>1</ror:sortOrder>
     <ror:resourceOf>sitemap</ror:resourceOf>
</item>
<item>
     <link>https://webdeves.com/social-media</link>
     <title>Social Media - Webdeves Technologies</title>
     <description>Social Media  - Webdeves Technologies - Webdeves Technologies</description>
     <ror:updatePeriod></ror:updatePeriod>
     <ror:sortOrder>1</ror:sortOrder>
     <ror:resourceOf>sitemap</ror:resourceOf>
</item>
<item>
     <link>https://webdeves.com/pricing</link>
     <title>Pricing - Webdeves Technologies </title>
     <description>Pricing - Webdeves Technologies</description>
     <ror:updatePeriod></ror:updatePeriod>
     <ror:sortOrder>1</ror:sortOrder>
     <ror:resourceOf>sitemap</ror:resourceOf>
</item>
<item>
     <link>https://webdeves.com/internship-webdeves</link>
     <title>Internship - Webdeves Technologies</title>
     <description>Internship - Webdeves Technologies</description>
     <ror:updatePeriod></ror:updatePeriod>
     <ror:sortOrder>1</ror:sortOrder>
     <ror:resourceOf>sitemap</ror:resourceOf>
</item>
<item>
     <link>https://webdeves.com/privacy-policy</link>
     <title>Privacy Policy - Webdeves Technologies </title>
     <description>Privacy Policy - Webdeves Technologies</description>
     <ror:updatePeriod></ror:updatePeriod>
     <ror:sortOrder>1</ror:sortOrder>
     <ror:resourceOf>sitemap</ror:resourceOf>
</item>
</channel>
</rss>
  